<?xml version="1.0" encoding="utf-8"?>
<odoo>

    <record id="patient_tag_nuro_pt" model="patient.tag">
        <field name="name">Neuro Pt</field>
        <field name="active">True</field>
        <field name="color">1</field>
    </record>

    <record id="patient_tag_nuro_doc" model="patient.tag">
        <field name="name">Neuro Doc</field>
        <field name="active">True</field>
        <field name="color">2</field>
    </record>

    <record id="patient_tag_elbow_restand" model="patient.tag">
        <field name="name">Elbow Restand</field>
        <field name="active">True</field>
        <field name="color">3</field>
    </record>

    <record id="patient_tag_lumbar" model="patient.tag">
        <field name="name">Lumbar</field>
        <field name="active">True</field>
        <field name="color">4</field>
    </record>

    <record id="patient_tag_cervical" model="patient.tag">
        <field name="name">Cervical</field>
        <field name="active">True</field>
        <field name="color">5</field>
    </record>

    <record id="patient_tag_ankle" model="patient.tag">
        <field name="name">Ankle</field>
        <field name="active">True</field>
        <field name="color">7</field>
    </record>

    <record id="patient_tag_knee" model="patient.tag">
        <field name="name">Knee</field>
        <field name="active">True</field>
        <field name="color">8</field>
    </record>

    <record id="patient_tag_shoulder" model="patient.tag">
        <field name="name">Shoulder</field>
        <field name="active">True</field>
        <field name="color">9</field>
    </record>

    <record id="patient_tag_wrist" model="patient.tag">
        <field name="name">Thoracic</field>
        <field name="active">True</field>
        <field name="color">10</field>
    </record>


    

</odoo>