<?xml version="1.0" encoding="utf-8"?>
<odoo>

        <record model="ir.module.category" id="module_catagory_physio">
            <field name="name">Physio</field>
            <field name="description">Catagory for physio</field>

        </record>
        <record id="group_receptionist" model="res.groups">
            <field name="name">Receptionist</field>
    	    <field name="category_id" ref="module_catagory_physio"/>
        </record>
        <record id="group_nurse" model="res.groups">
            <field name="name">Nurse</field>
    	    <field name="category_id" ref="module_catagory_physio"/>

            
        </record>
        <record id="group_clinician" model="res.groups">
            <field name="name">Clinician</field>
    	    <field name="category_id" ref="module_catagory_physio"/>

         
        </record>
        <record id="group_chiled" model="res.groups">
            <field name="name">Children Nurse</field>
    	    <field name="category_id" ref="module_catagory_physio"/>

         
        </record>
        <record id="group_chiled_receiption" model="res.groups">
            <field name="name">Children Receiption</field>
    	    <field name="category_id" ref="module_catagory_physio"/>

         
        </record>
 
        <record id="group_chiled_clinician" model="res.groups">
            <field name="name">Children Clinical</field>
    	    <field name="category_id" ref="module_catagory_physio"/>

         
        </record>
        <record id="group_partimer" model="res.groups">
            <field name="name">Children Part Timer</field>
    	    <field name="category_id" ref="module_catagory_physio"/>

         
        </record>
 
        <!-- <record model="ir.rule" id="patient_register_multi_company_rule">
            <field name="name">Patient Register Multi Company Rule</field>
            <field name="model_id" ref="model_droga_physio"/>
            <field name="domain_force">['|',('company_id','=',False),('company_id','child_of',[user.company_id.id])]</field>
            <field name="groups" eval="[(4, ref('base.group_user'))]"/>
        </record> -->

        <!-- <record model="ir.rule" id="appointment_multi_company_rule">
            <field name="name">Patient Appointment Multi Company Rule</field>
            <field name="model_id" ref="model_examination_form"/>
            <field name="domain_force">['|',('company_id','=',False),('company_id','child_of',[user.company_id.id])]</field>
            <field name="groups" eval="[(4, ref('base.group_user'))]"/>
        </record> -->
 
</odoo>
